'Reference','Value','Datasheet','Description','Footprint','Qty','DNP','MPN'
'BT1','Battery_Cell','https://www.lcsc.com/datasheet/lcsc_datasheet_2204021730_MYOUNG-BH-18650-B1BA002_C2988620.pdf','Single-cell battery','Battery:BatteryHolder_Keystone_1042_1x18650','1','','C2988620'
'C1,C2','12pF','https://www.lcsc.com/datasheet/lcsc_datasheet_2304140030_FH--Guangdong-Fenghua-Advanced-Tech-1206CG120J500NT_C1886.pdf','Unpolarized capacitor','Capacitor_SMD:C_1206_3216Metric','2','','C1886'
'C3,C4,C7,C12,C15,C16,C17,C19,C20,C26,C29,C30,C31','100nF','https://www.lcsc.com/datasheet/lcsc_datasheet_2304140030_FH--Guangdong-Fenghua-Advanced-Tech-1206B104K101NT_C110255.pdf','Unpolarized capacitor','Capacitor_SMD:C_1206_3216Metric','13','','C110255'
'C5,C8,C18,C21,C22,C23,C24,C25,C27','330nF','https://www.lcsc.com/datasheet/lcsc_datasheet_2304140030_YAGEO-CC1206KRX7R9BB334_C274377.pdf','Unpolarized capacitor, small symbol','Capacitor_SMD:C_1206_3216Metric','9','','C274377'
'C6','22uF','https://www.lcsc.com/datasheet/lcsc_datasheet_2304140030_SANYEAR-C1206X6S226M250NT_C2835562.pdf','Polarized capacitor, small symbol','Capacitor_SMD:C_1206_3216Metric','1','','C2835562'
'C9,C10','47uF','https://www.lcsc.com/datasheet/lcsc_datasheet_1810201233_Murata-Electronics-GRM31CR61A476ME15L_C94034.pdf','Polarized capacitor, small symbol','Capacitor_SMD:C_1206_3216Metric','2','','C94034'
'C11,C13','120pF','https://www.lcsc.com/datasheet/lcsc_datasheet_2403201121_Chinocera-HHV1206R7121K102NSLJ_C5186921.pdf','Unpolarized capacitor, small symbol','Capacitor_SMD:C_1206_3216Metric','2','','C5186921'
'C14,C28','3.3uF','https://www.lcsc.com/datasheet/lcsc_datasheet_2304140030_TDK-C3216X7R1E335KT000N_C76663.pdf','Unpolarized capacitor, small symbol','Capacitor_SMD:C_1206_3216Metric','2','','C76663'
'D1,D2,D7,D8','1N5819HW-7-F','https://4donline.ihs.com/images/VipMasterIC/IC/DIOD/DIOD-S-A0011437026/DIOD-S-A0011683586-1.pdf?hkey=6D3A4C79FDBF58556ACFDE234799DDF0','Diode Schottky, 40 V, 1 A, Une, SOD-123, 2 Broche(s), 750 mV','Diode_SMD:D_SOD-123','4','','C82544'
'D4,D5','APDS-9005-020','https://www.lcsc.com/datasheet/lcsc_datasheet_2403281708_Broadcom-AVAGO-APDS-9005-020_C2649497.pdf','','custom_footprint:PHODET_APDS-9005-020','2','','C2649497'
'D6','LED','~','Light emitting diode','LED_SMD:LED_1206_3216Metric_Pad1.42x1.75mm_HandSolder','1','','C84270'
'D9','Inolux_IN-P55TATRGB','https://www.inolux-corp.com/datasheet/SMDLED/RGB%20Top%20View/IN-P55TATRGB.pdf','Inolux RGB LED, PLCC-6','LED_SMD:LED_ROHM_SMLVN6','1','','C784540'
'IC1','VEML6030','https://www.vishay.com/docs/84366/veml6030.pdf','VEML6030 Vishay, Ambient Light Sensor, Ambient Light to Digital Data I2C 6-Pin','custom_footprint:VEML6030','1','','C132182'
'IC2','AP7362-33SP-13','https://www.diodes.com//assets/Datasheets/AP7362.pdf','LDO Voltage Regulators LDO CMOS HiCurr SO-8 1.5A LowQ Adj 190mV','custom_footprint:SOIC127P600X150-9N','1','','C780775'
'J1','Jack-DC','https://www.lcsc.com/datasheet/lcsc_datasheet_2308221657_BOOMELE-Boom-Precision-Elec-DC-005-2-0_C16214.pdf','DC Barrel Jack','Connector_BarrelJack:BarrelJack_Wuerth_6941xx301002','1','','C16214'
'J2','USB_C_Receptacle_USB2.0_16P','https://www.usb.org/sites/default/files/documents/usb_type-c.zip','USB 2.0-only 16P Type-C Receptacle connector','Connector_USB:USB_C_Receptacle_G-Switch_GT-USB-7010ASV','1','','C2988369'
'J3','Conn_01x05_Pin','~','Generic connector, single row, 01x05, script generated','Connector_Molex:Molex_KK-254_AE-6410-05A_1x05_P2.54mm_Vertical','1','',''
'J4','Conn_01x03_Pin','~','Generic connector, single row, 01x03, script generated','Connector_Harwin:Harwin_M20-89003xx_1x03_P2.54mm_Horizontal','1','','C5242196'
'MK1,MK2','Microphone_Condenser','https://www.lcsc.com/datasheet/lcsc_datasheet_2304140030_INGHAi-GMI6050P-36db_C233939.pdf','Condenser microphone','Sensor_Audio:POM-2244P-C3310-2-R','2','','C233939'
'MK3','T3902','http://invensense.tdk.com/wp-content/uploads/2020/05/DS-000357-T3902-v1.0.pdf','MEMS Microphones 126 dB SPL AOP MEMS Microphone','T3902','1','','C237403'
'R1,R2,R21,R23','5k1','https://www.lcsc.com/datasheet/lcsc_datasheet_2206010116_UNI-ROYAL-Uniroyal-Elec-0603WAF5101T5E_C23186.pdf','Resistor','Resistor_SMD:R_0603_1608Metric','4','','C23186'
'R3,R4,R7,R8','0R','https://www.lcsc.com/datasheet/lcsc_datasheet_2206010130_UNI-ROYAL-Uniroyal-Elec-0603WAF0000T5E_C21189.pdf','Resistor','Resistor_SMD:R_0603_1608Metric','4','','C21189'
'R5','1M','https://www.lcsc.com/datasheet/lcsc_datasheet_2206010130_UNI-ROYAL-Uniroyal-Elec-0603WAF1004T5E_C22935.pdf','Resistor','Resistor_SMD:R_0603_1608Metric','1','','C22935'
'R6,R13,R14,R19,R20,R27','10k','https://www.lcsc.com/datasheet/lcsc_datasheet_2206010045_UNI-ROYAL-Uniroyal-Elec-0603WAF1002T5E_C25804.pdf','Resistor','Resistor_SMD:R_0603_1608Metric','6','','C25804'
'R9,R15','5.9k','https://www.lcsc.com/datasheet/lcsc_datasheet_2206010116_UNI-ROYAL-Uniroyal-Elec-0603WAF5901T5E_C23071.pdf','Resistor','Resistor_SMD:R_0603_1608Metric','2','','C23071'
'R10,R11,R16,R17','200k','https://www.lcsc.com/datasheet/lcsc_datasheet_2206010045_UNI-ROYAL-Uniroyal-Elec-0603WAF2003T5E_C25811.pdf','Resistor','Resistor_SMD:R_0603_1608Metric','4','','C25811'
'R12,R18','787R','https://www.lcsc.com/datasheet/lcsc_datasheet_2304140030_YAGEO-RC0603FR-07787RL_C137683.pdf','Resistor','Resistor_SMD:R_0603_1608Metric','2','','C137683'
'R22,R24','1K','https://www.lcsc.com/datasheet/lcsc_datasheet_2206010130_UNI-ROYAL-Uniroyal-Elec-0603WAF1001T5E_C21190.pdf','Resistor','Resistor_SMD:R_0603_1608Metric','2','','C21190'
'R25,R26,R31','4.99k','https://www.lcsc.com/datasheet/lcsc_datasheet_2304140030_YAGEO-RC0603FR-074K99L_C114621.pdf','Resistor','Resistor_SMD:R_0603_1608Metric','3','','C114621'
'R28,R29,R30','1k','https://www.lcsc.com/datasheet/lcsc_datasheet_2206010130_UNI-ROYAL-Uniroyal-Elec-0603WAF1001T5E_C21190.pdf','Resistor','Resistor_SMD:R_0603_1608Metric','3','','C21190'
'SW1','EN','https://4donline.ihs.com/images/VipMasterIC/IC/CKCI/CKCI-S-A0014471833/CKCI-S-A0014948369-1.pdf?hkey=6D3A4C79FDBF58556ACFDE234799DDF0','Push button switch, generic, four pins','Button_Switch_SMD:SW_SPST_PTS647_Sx38','1','','C2689502'
'SW2','BOOT','https://4donline.ihs.com/images/VipMasterIC/IC/CKCI/CKCI-S-A0014471833/CKCI-S-A0014948369-1.pdf?hkey=6D3A4C79FDBF58556ACFDE234799DDF0','Push button switch, generic, four pins','Button_Switch_SMD:SW_SPST_PTS647_Sx38','1','','C2689502'
'SW3','SW_Push','https://www.lcsc.com/datasheet/lcsc_datasheet_1809191932_ALPSALPINE-SKRTLAE010_C110293.pdf','Push button switch, generic, two pins','Button_Switch_SMD:SW_Push_1P1T-MP_NO_Horizontal_Alps_SKRTLAE010','1','','C110293'
'TH1','Thermistor_NTC','https://www.lcsc.com/datasheet/lcsc_datasheet_2304140030_Nanjing-Shiheng-Elec-MF52A103F3950--A1_C13879.pdf','Temperature dependent resistor, negative temperature coefficient','OptoDevice:R_LDR_4.9x4.2mm_P2.54mm_Vertical','1','','C13879'
'TP1,TP2,TP3,TP4,TP8,TP9,TP10,TP11,TP12,TP13,TP14,TP15,TP16,TP17,TP18','TestPoint','~','test point','TestPoint:TestPoint_Pad_D3.0mm','15','DNP',''
'U1','ESP32-S3-MINI-1','https://www.espressif.com/sites/default/files/documentation/esp32-s3-mini-1_mini-1u_datasheet_en.pdf','Smallsized module supporting 2.4 GHz WiFi (802.11 b/g/n) and Bluetooth ® 5 (LE) Built around ESP32S3 series of SoCs, Xtensa ® dualcore 32bit LX7 microprocessor Flash up to 8 MB, optional 2 MB PSRAM in chip package 39 GPIOs, rich set of peripherals Onboard PCB antenna or external antenna connector','PCM_Espressif:ESP32-S3-MINI-1','1','','C2913206'
'U2','BME680','https://ae-bst.resource.bosch.com/media/_tech/media/datasheets/BST-BME680-DS001.pdf','4-in-1 sensor, gas, humidity, pressure, temperature, I2C and SPI interface, 1.71-3.6V, LGA-8','Package_LGA:Bosch_LGA-8_3x3mm_P0.8mm_ClockwisePinNumbering','1','','C125972'
'U3,U4,U8,U10','LMV321','http://www.ti.com/lit/ds/symlink/lmv324.pdf','Low-Voltage Rail-to-Rail Output Operational Amplifiers, SOT-23-5/SC-70-5','Package_TO_SOT_SMD:SOT-23-5_HandSoldering','4','','C395459'
'U5','BQ21040DBV','https://www.ti.com/lit/ds/symlink/bq21040.pdf','Single cell, 0.8A Li-Ion/Li-Po linear charge management controller, up to 30V input, 4.2V charge voltage, Open-Drain Status Output, Temperature sense input, SOT-23-6','Package_TO_SOT_SMD:SOT-23-6','1','','C202311'
'U7','HDC1080DMBR','https://www.lcsc.com/datasheet/lcsc_datasheet_1810271112_Texas-Instruments-HDC1080DMBR_C82227.pdf','','custom_footprint:DMB0006A','1','','C82227'
'Y1','32.768KHz','http://www.farnell.com/datasheets/3929147.pdf','Cristal, 32.768 kHz, CMS, 3.2mm x 1.5mm, 12.5 pF, 20 ppm, RT3215 Series','Crystal:Crystal_SMD_3215-2Pin_3.2x1.5mm','1','','C97606'
